{
 "team": "Six",
 "generatedBy": "scripts/export_conformance_fixtures.py (Python engine, issue #17)",
 "n": 6,
 "myNames": [
  "Anna",
  "Bo",
  "Cleo",
  "Dag",
  "Elin",
  "Finn"
 ],
 "enemyNames": [
  "Grok",
  "Hilda",
  "Igor",
  "Jax",
  "Kira",
  "Loki"
 ],
 "cellsBest": [
  [
   4.0,
   -2.0,
   3.0,
   1.0,
   4.0,
   0.0
  ],
  [
   -1.0,
   3.0,
   1.0,
   3.0,
   0.0,
   1.0
  ],
  [
   4.0,
   1.0,
   -3.0,
   2.0,
   1.0,
   3.0
  ],
  [
   1.0,
   -2.0,
   2.0,
   -1.0,
   4.0,
   0.0
  ],
  [
   1.0,
   1.0,
   2.0,
   4.0,
   -2.0,
   4.0
  ],
  [
   -1.0,
   3.0,
   2.0,
   0.0,
   2.0,
   -3.0
  ]
 ],
 "cellsWorst": [
  [
   2.0,
   -2.0,
   -1.0,
   -1.0,
   4.0,
   -2.0
  ],
  [
   -1.0,
   1.0,
   -1.0,
   3.0,
   -4.0,
   1.0
  ],
  [
   0.0,
   1.0,
   -3.0,
   0.0,
   -1.0,
   1.0
  ],
  [
   -1.0,
   -6.0,
   2.0,
   -1.0,
   2.0,
   0.0
  ],
  [
   1.0,
   -1.0,
   0.0,
   0.0,
   -2.0,
   2.0
  ],
  [
   -3.0,
   3.0,
   -2.0,
   -2.0,
   0.0,
   -3.0
  ]
 ],
 "neutralWeight": 0.5,
 "solves": [
  {
   "k": null,
   "stageCounts": {
    "6:none": 1,
    "6:select_defender": 36,
    "6:select_attackers": 3600,
    "4:none": 225,
    "4:select_defender": 3600,
    "4:select_attackers": 32400
   },
   "expectedValue": 1.905810488474351,
   "sampleNodes": [
    {
     "stage": "none",
     "state": {
      "friendly": {
       "remaining": [
        0,
        1,
        2,
        3,
        4,
        5
       ],
       "defender": null,
       "attackerA": null,
       "attackerB": null
      },
      "enemy": {
       "remaining": [
        0,
        1,
        2,
        3,
        4,
        5
       ],
       "defender": null,
       "attackerA": null,
       "attackerB": null
      }
     },
     "rowLabels": [
      0,
      1,
      2,
      3,
      4,
      5
     ],
     "colLabels": [
      0,
      1,
      2,
      3,
      4,
      5
     ],
     "payoff": [
      [
       1.4952652688881227,
       4.205936540429887,
       1.4011763147405936,
       1.704367301231804,
       1.7500000000000004,
       3.5266254780817885
      ],
      [
       3.091025617945164,
       2.623735050597976,
       0.09102561794516406,
       0.0,
       3.677419354838709,
       2.007335395260975
      ],
      [
       2.227272727272727,
       2.4999999999999964,
       1.9157632347401896,
       0.8577680525164117,
       4.380952380952381,
       2.7762110221693628
      ],
      [
       1.2173913043478257,
       3.725488470528046,
       -0.13793661534097534,
       2.5022300129895356,
       2.2141055101155356,
       2.88235294117647
      ],
      [
       2.675603217158176,
       3.675603217158176,
       1.904672138597547,
       2.0256808183302515,
       3.7980315767890094,
       3.257163745583009
      ],
      [
       1.943444730077121,
       3.8464567005448353,
       1.4010152284263961,
       0.45991561181434726,
       3.7306601863102475,
       3.062498265478867
      ]
     ],
     "value": 1.905810488474351,
     "rowStrategy": [
      0.0,
      0.0,
      0.10263637265097532,
      0.0,
      0.8973636273490246,
      0.0
     ],
     "colStrategy": [
      0.0,
      0.0,
      0.9905928245864797,
      0.009407175413520279,
      0.0,
      0.0
     ]
    },
    {
     "stage": "select_defender",
     "state": {
      "friendly": {
       "remaining": [
        0,
        1,
        2,
        3,
        5
       ],
       "defender": 4,
       "attackerA": null,
       "attackerB": null
      },
      "enemy": {
       "remaining": [
        0,
        1,
        3,
        4,
        5
       ],
       "defender": 2,
       "attackerA": null,
       "attackerB": null
      }
     },
     "rowLabels": [
      [
       0,
       1
      ],
      [
       0,
       2
      ],
      [
       0,
       3
      ],
      [
       0,
       5
      ],
      [
       1,
       2
      ],
      [
       1,
       3
      ],
      [
       1,
       5
      ],
      [
       2,
       3
      ],
      [
       2,
       5
      ],
      [
       3,
       5
      ]
     ],
     "colLabels": [
      [
       0,
       1
      ],
      [
       0,
       3
      ],
      [
       0,
       4
      ],
      [
       0,
       5
      ],
      [
       1,
       3
      ],
      [
       1,
       4
      ],
      [
       1,
       5
      ],
      [
       3,
       4
      ],
      [
       3,
       5
      ],
      [
       4,
       5
      ]
     ],
     "payoff": [
      [
       1.8369623009594183,
       4.256,
       1.091025617945164,
       4.401176314740594,
       4.256,
       0.9999999999999973,
       4.401176314740594,
       4.256,
       4.592277854336794,
       4.401176314740594
      ],
      [
       -1.0,
       1.7783595113438064,
       -1.0,
       2.58357517131694,
       1.7783595113438064,
       -1.1999999999999997,
       2.58357517131694,
       1.7783595113438064,
       2.58357517131694,
       2.58357517131694
      ],
      [
       2.3737642318862187,
       4.731536100847312,
       2.3737642318862187,
       4.401176314740594,
       4.731536100847312,
       0.9999999999999973,
       4.401176314740594,
       4.731536100847312,
       4.731536100847312,
       4.401176314740594
      ],
      [
       1.9046721385975476,
       4.017699115044249,
       1.4010152284263961,
       4.139931740614335,
       4.017699115044249,
       0.9999999999999973,
       4.139931740614335,
       4.017699115044249,
       4.139931740614335,
       4.139931740614335
      ],
      [
       -1.0,
       1.7783595113438064,
       -1.0,
       2.58357517131694,
       1.7783595113438064,
       -1.1999999999999997,
       2.58357517131694,
       1.7783595113438064,
       2.58357517131694,
       2.58357517131694
      ],
      [
       3.0,
       4.256,
       1.091025617945164,
       5.053745791110003,
       4.256,
       3.0,
       5.053745791110003,
       4.256,
       5.053745791110003,
       5.053745791110003
      ],
      [
       2.876004592422502,
       4.017699115044249,
       1.091025617945164,
       4.139931740614335,
       4.017699115044249,
       2.876004592422502,
       4.139931740614335,
       4.017699115044249,
       4.139931740614335,
       4.139931740614335
      ],
      [
       -1.0,
       1.7783595113438064,
       -1.0,
       2.58357517131694,
       1.7783595113438064,
       -1.1999999999999997,
       2.58357517131694,
       1.7783595113438064,
       2.58357517131694,
       2.58357517131694
      ],
      [
       -1.0,
       1.7783595113438064,
       -1.0,
       2.58357517131694,
       1.7783595113438064,
       -1.1999999999999997,
       2.58357517131694,
       1.7783595113438064,
       2.58357517131694,
       2.58357517131694
      ],
      [
       2.876004592422502,
       4.017699115044249,
       1.4010152284263961,
       4.139931740614335,
       4.017699115044249,
       2.876004592422502,
       4.139931740614335,
       4.017699115044249,
       4.139931740614335,
       4.139931740614335
      ]
     ],
     "value": 1.904672138597547,
     "rowStrategy": [
      0.0,
      0.0,
      0.5177665650437788,
      0.0,
      0.0,
      0.0,
      0.0,
      0.0,
      0.0,
      0.4822334349562211
     ],
     "colStrategy": [
      0.0,
      0.0,
      0.6585352257682576,
      0.0,
      0.0,
      0.34146477423174226,
      0.0,
      0.0,
      0.0,
      0.0
     ]
    },
    {
     "stage": "select_attackers",
     "state": {
      "friendly": {
       "remaining": [
        1,
        2,
        5
       ],
       "defender": 4,
       "attackerA": 0,
       "attackerB": 3
      },
      "enemy": {
       "remaining": [
        1,
        3,
        5
       ],
       "defender": 2,
       "attackerA": 0,
       "attackerB": 4
      }
     },
     "rowLabels": [
      0,
      4
     ],
     "colLabels": [
      0,
      3
     ],