{
 "team": "Smoke",
 "generatedBy": "scripts/export_conformance_fixtures.py (Python engine, issue #17)",
 "n": 4,
 "myNames": [
  "Alice",
  "Bob",
  "Carol",
  "Dave"
 ],
 "enemyNames": [
  "Chaos",
  "Eldar",
  "Ork",
  "Tau"
 ],
 "cellsBest": [
  [
   0.0,
   6.0,
   9.0,
   -3.0
  ],
  [
   6.0,
   1.0,
   -1.0,
   4.0
  ],
  [
   5.0,
   -7.0,
   0.0,
   2.0
  ],
  [
   -1.0,
   0.0,
   6.0,
   9.0
  ]
 ],
 "cellsWorst": [
  [
   0.0,
   2.0,
   7.0,
   -5.0
  ],
  [
   2.0,
   -1.0,
   -7.0,
   4.0
  ],
  [
   3.0,
   -9.0,
   0.0,
   -2.0
  ],
  [
   -7.0,
   0.0,
   2.0,
   7.0
  ]
 ],
 "neutralWeight": 0.5,
 "solves": [
  {
   "k": null,
   "stageCounts": {
    "4:none": 1,
    "4:select_defender": 16,
    "4:select_attackers": 144
   },
   "expectedValue": 4.997553182223154,
   "sampleNodes": [
    {
     "stage": "none",
     "state": {
      "friendly": {
       "remaining": [
        0,
        1,
        2,
        3
       ],
       "defender": null,
       "attackerA": null,
       "attackerB": null
      },
      "enemy": {
       "remaining": [
        0,
        1,
        2,
        3
       ],
       "defender": null,
       "attackerA": null,
       "attackerB": null
      }
     },
     "rowLabels": [
      0,
      1,
      2,
      3
     ],
     "colLabels": [
      0,
      1,
      2,
      3
     ],
     "payoff": [
      [
       11.0,
       4.0,
       2.375,
       7.411092985318108
      ],
      [
       4.0,
       6.896907216494846,
       6.196161765917141,
       3.5625
      ],
      [
       2.4576271186440675,
       7.219282977771728,
       6.086956521739131,
       4.0
      ],
      [
       4.642857142857142,
       5.4375,
       6.0625,
       3.7924528301886777
      ]
     ],
     "value": 4.997553182223154,
     "rowStrategy": [
      0.2933832213145544,
      0.0,
      0.6911780424412188,
      0.015438736244226531
     ],
     "colStrategy": [
      0.04747886663168375,
      0.0,
      0.5130836638901601,
      0.439437469478156
     ]
    },
    {
     "stage": "select_defender",
     "state": {
      "friendly": {
       "remaining": [
        0,
        1,
        3
       ],
       "defender": 2,
       "attackerA": null,
       "attackerB": null
      },
      "enemy": {
       "remaining": [
        0,
        1,
        3
       ],
       "defender": 2,
       "attackerA": null,
       "attackerB": null
      }
     },
     "rowLabels": [
      [
       0,
       1
      ],
      [
       0,
       3
      ],
      [
       1,
       3
      ]
     ],
     "colLabels": [
      [
       0,
       1
      ],
      [
       0,
       3
      ],
      [
       1,
       3
      ]
     ],
     "payoff": [
      [
       10.0,
       -5.0,
       -5.0
      ],
      [
       15.0,
       4.0,
       12.0
      ],
      [
       -6.0,
       10.0,
       -5.0
      ]
     ],
     "value": 6.086956521739131,
     "rowStrategy": [
      0.0,
      0.6521739130434782,
      0.3478260869565218
     ],
     "colStrategy": [
      0.0,
      0.7391304347826088,
      0.26086956521739124
     ]
    },
    {
     "stage": "select_attackers",
     "state": {
      "friendly": {
       "remaining": [
        1
       ],
       "defender": 2,
       "attackerA": 0,
       "attackerB": 3
      },
      "enemy": {
       "remaining": [
        1
       ],
       "defender": 2,
       "attackerA": 0,
       "attackerB": 3
      }
     },
     "rowLabels": [
      0,
      3
     ],
     "colLabels": [
      0,
      3
     ],
     "payoff": [
      [
       4.0,
       5.0
      ],
      [
       3.0,
       20.0
      ]
     ],
     "value": 4.0,
     "rowStrategy": [
      1.0,
      0.0
     ],
     "colStrategy": [
      1.0,
      0.0
     ]
    }
   ],
   "pythonSolveSeconds": 0.01
  }
 ]
}
